{"cameraMode":{"drawMode":0,"name":"Shaded","section":"Shading Mode"},"sceneLighting":true,"audioPlay":false,"sceneViewState":{"showFog":true,"showMaterialUpdate":false,"showSkybox":true,"showFlares":true,"showImageEffects":true,"showParticleSystems":true},"in2DMode":false,"pivot":{"x":3.7094764709472658,"y":2.9643020629882814,"z":-14.14719295501709},"rotation":{"x":-0.2517046332359314,"y":0.6801677942276001,"z":-0.27031728625297549,"w":-0.6332451105117798},"size":36.416133880615237,"orthographic":false}