{"cameraMode":{"drawMode":0,"name":"Shaded","section":"Shading Mode"},"sceneLighting":true,"audioPlay":false,"sceneViewState":{"showFog":true,"showMaterialUpdate":false,"showSkybox":true,"showFlares":true,"showImageEffects":true,"showParticleSystems":true},"in2DMode":false,"pivot":{"x":-8.245044708251954,"y":-2.080386161804199,"z":-26.885242462158204},"rotation":{"x":0.1639217883348465,"y":0.6795987486839294,"z":-0.15984144806861878,"w":0.6969462633132935},"size":23.576807022094728,"orthographic":false}